variant_id,phenotype_id,maf,pval_nominal,slope,slope_se,beta_gwas,standard_error,p_value,chromosome,base_pair_location
chr6_31113275_A_G_b38,chr6:31269543:31269966:clu_28831:ENSG00000204525.16,0.311194,3.76018e-07,-0.306166,0.059635,-0.2205,0.0109,4.2599999999999996e-91,6,31113275
chr6_31176860_G_A_b38,chr6:31269543:31269966:clu_28831:ENSG00000204525.16,0.345522,2.14705e-31,0.665977,0.0541339,0.2363,0.0116,1.26e-92,6,31176860
chr6_31215732_G_A_b38,chr6:31269543:31269966:clu_28831:ENSG00000204525.16,0.279851,1.28344e-10,-0.380995,0.0582908,0.0949,0.0117,5.057e-16,6,31215732
chr6_31226698_C_T_b38,chr6:31269543:31269966:clu_28831:ENSG00000204525.16,0.162687,1.69699e-06,-0.365896,0.0757354,-0.2853,0.0117,8.980000000000001e-132,6,31226698
chr6_31227588_G_T_b38,chr6:31269543:31269966:clu_28831:ENSG00000204525.16,0.25597,3.77719e-06,0.296144,0.0635,0.2845,0.0117,3.72e-131,6,31227588
chr6_31231989_G_A_b38,chr6:31269543:31269966:clu_28831:ENSG00000204525.16,0.388806,3.13232e-30,0.62449,0.0518966,0.4936,0.0101,0.0,6,31231989
chr6_31237605_G_A_b38,chr6:31269543:31269966:clu_28831:ENSG00000204525.16,0.178358,2.55777e-137,1.50796,0.0465719,0.5936,0.0108,0.0,6,31237605
chr6_31242439_C_T_b38,chr6:31269543:31269966:clu_28831:ENSG00000204525.16,0.404478,1.70436e-16,0.469032,0.0553989,-0.2355,0.0148,2.586e-57,6,31242439
chr6_31260633_T_C_b38,chr6:31269543:31269966:clu_28831:ENSG00000204525.16,0.34403,1.67284e-14,0.428649,0.0545686,0.2176,0.0255,1.225e-17,6,31260633
chr6_31263911_T_C_b38,chr6:31269543:31269966:clu_28831:ENSG00000204525.16,0.195522,1.39903e-07,0.361181,0.067833,0.9525,0.0125,0.0,6,31263911
chr6_31265375_A_G_b38,chr6:31269543:31269966:clu_28831:ENSG00000204525.16,0.195522,1.39903e-07,0.361181,0.067833,-0.1815,0.0237,1.913e-14,6,31265375
chr6_31265752_T_C_b38,chr6:31269543:31269966:clu_28831:ENSG00000204525.16,0.195522,1.39903e-07,0.361181,0.067833,-0.9992,0.0127,0.0,6,31265752
chr6_31291191_G_A_b38,chr6:31269543:31269966:clu_28831:ENSG00000204525.16,0.335821,1.8078799999999998e-45,0.788878,0.0514525,0.365,0.0114,3.84e-224,6,31291191
chr6_31302097_C_G_b38,chr6:31269543:31269966:clu_28831:ENSG00000204525.16,0.387313,1.46101e-15,0.447684,0.0546983,-0.3749,0.0109,2.1299999999999998e-260,6,31302097
chr6_31306916_G_A_b38,chr6:31269543:31269966:clu_28831:ENSG00000204525.16,0.458209,6.6274e-21,-0.494943,0.0509588,-0.1991,0.0281,1.328e-12,6,31306916
chr6_31320052_A_G_b38,chr6:31269543:31269966:clu_28831:ENSG00000204525.16,0.430597,1.8113800000000002e-32,0.558781,0.0445333,0.7744,0.0126,0.0,6,31320052
chr6_31321807_A_G_b38,chr6:31269543:31269966:clu_28831:ENSG00000204525.16,0.360448,6.96454e-45,0.760228,0.0499741,0.1741,0.0147,2.727e-32,6,31321807
chr6_31321883_A_G_b38,chr6:31269543:31269966:clu_28831:ENSG00000204525.16,0.360448,6.96454e-45,0.760228,0.0499741,0.3566,0.0142,1.49e-139,6,31321883
chr6_31322217_C_A_b38,chr6:31269543:31269966:clu_28831:ENSG00000204525.16,0.295522,7.01642e-15,-0.456396,0.0572367,0.2225,0.0261,1.486e-17,6,31322217
chr6_31322688_T_C_b38,chr6:31269543:31269966:clu_28831:ENSG00000204525.16,0.360448,6.96454e-45,0.760228,0.0499741,0.2016,0.0106,1.975e-80,6,31322688
chr6_31322690_A_G_b38,chr6:31269543:31269966:clu_28831:ENSG00000204525.16,0.360448,6.96454e-45,0.760228,0.0499741,-1.2497,0.0196,0.0,6,31322690
chr6_31323296_G_A_b38,chr6:31269543:31269966:clu_28831:ENSG00000204525.16,0.34403,5.25138e-09,0.341856,0.0577521,-0.3757,0.0133,8.25e-176,6,31323296
chr6_31332915_T_C_b38,chr6:31269543:31269966:clu_28831:ENSG00000204525.16,0.34403,5.25138e-09,0.341856,0.0577521,-0.2061,0.0135,1.991e-52,6,31332915
chr6_31333191_C_T_b38,chr6:31269543:31269966:clu_28831:ENSG00000204525.16,0.345522,1.09982e-08,0.332861,0.0574893,-0.169,0.0102,8.802e-62,6,31333191
chr6_31338303_C_T_b38,chr6:31269543:31269966:clu_28831:ENSG00000204525.16,0.45,6.07017e-10,0.349596,0.0556318,0.0919,0.01,5.548e-20,6,31338303
chr6_31339380_T_C_b38,chr6:31269543:31269966:clu_28831:ENSG00000204525.16,0.445522,4.52716e-10,0.3564,0.0562827,-0.2596,0.0118,1.7e-107,6,31339380
chr6_31341286_A_C_b38,chr6:31269543:31269966:clu_28831:ENSG00000204525.16,0.226119,3.71612e-12,-0.4552,0.0642716,0.2246,0.0202,8.683e-29,6,31341286
chr6_31341578_G_A_b38,chr6:31269543:31269966:clu_28831:ENSG00000204525.16,0.226119,3.71612e-12,-0.4552,0.0642716,-0.2931,0.0113,3.07e-147,6,31341578
chr6_31347144_A_G_b38,chr6:31269543:31269966:clu_28831:ENSG00000204525.16,0.296269,2.6677e-07,0.315245,0.0606143,-0.0747,0.0112,2.857e-11,6,31347144
chr6_31348936_G_A_b38,chr6:31269543:31269966:clu_28831:ENSG00000204525.16,0.485821,1.94269e-26,0.565564,0.0508191,-0.1281,0.0104,1.059e-34,6,31348936
chr6_31350802_G_A_b38,chr6:31269543:31269966:clu_28831:ENSG00000204525.16,0.273134,3.1743600000000005e-70,1.00645,0.0500338,0.0676,0.0114,2.816e-09,6,31350802
chr6_31360341_C_T_b38,chr6:31269543:31269966:clu_28831:ENSG00000204525.16,0.100746,3.1570099999999998e-21,0.830049,0.0847079,-0.4468,0.0109,0.0,6,31360341
chr6_31373018_A_G_b38,chr6:31269543:31269966:clu_28831:ENSG00000204525.16,0.0231343,1.28662e-08,1.00842,0.175006,1.3195,0.0213,0.0,6,31373018
chr6_31380276_C_T_b38,chr6:31269543:31269966:clu_28831:ENSG00000204525.16,0.173881,5.52396e-11,0.471685,0.0707227,0.4459,0.0375,1.491e-32,6,31380276
chr6_31413742_G_A_b38,chr6:31269543:31269966:clu_28831:ENSG00000204525.16,0.16791,2.25481e-07,-0.385713,0.0737034,0.2248,0.0172,5.209e-39,6,31413742
