variant_id,gene_id,tss_distance,ma_samples,ma_count,maf,pval_nominal,slope,slope_se,pval_nominal_threshold,min_pval_nominal,pval_beta,chromosome,base_pair_location,effect_allele,other_allele,beta,standard_error,p_value
chr6_30367982_GA_G_b38,ENSG00000231074.8,40832,196,214,0.159701,0.000104834,-0.125377,0.032105,0.000316395,7.95729e-52,4.5605700000000005e-40,6.0,30367982,T,TA,-0.1602,0.0168,1.488e-21
chr6_30977205_T_C_b38,ENSG00000231074.8,650055,176,192,0.143284,1.04588e-09,0.201417,0.0324823,0.000316395,7.95729e-52,4.5605700000000005e-40,6.0,30977205,A,G,0.0875,0.0147,2.68e-09
chr6_30981653_C_A_b38,ENSG00000231074.8,654503,177,193,0.14403,1.3984e-09,0.199527,0.0324328,0.000316395,7.95729e-52,4.5605700000000005e-40,6.0,30981653,G,GT,-0.1192,0.0186,1.37e-10
chr6_31016914_T_C_b38,ENSG00000231074.8,689764,172,185,0.13806,1.54341e-10,0.218867,0.033596,0.000316395,7.95729e-52,4.5605700000000005e-40,6.0,31016914,C,G,-0.0899,0.0099,8.866000000000001e-20
chr6_31021017_CTTCTGTGCGGCCGG_C_b38,ENSG00000231074.8,693867,239,258,0.192537,8.22131e-11,0.197815,0.0299028,0.000316395,7.95729e-52,4.5605700000000005e-40,6.0,31021017,C,G,0.1803,0.0121,5.184e-50
chr6_31215732_G_A_b38,ENSG00000231074.8,888582,318,375,0.279851,5.25867e-06,-0.119709,0.0260477,0.000316395,7.95729e-52,4.5605700000000005e-40,6.0,31215732,A,G,0.0949,0.0117,5.057e-16
chr6_31223293_A_G_b38,ENSG00000231074.8,896143,435,557,0.415672,3.65006e-06,0.109468,0.0234205,0.000316395,7.95729e-52,4.5605700000000005e-40,6.0,31223293,T,C,0.2845,0.0117,6.199999999999999e-131
chr6_31226698_C_T_b38,ENSG00000231074.8,899548,205,218,0.162687,0.000150478,0.125825,0.0329844,0.000316395,7.95729e-52,4.5605700000000005e-40,6.0,31226698,T,C,-0.2853,0.0117,8.980000000000001e-132
chr6_31229366_A_C_b38,ENSG00000231074.8,902216,416,521,0.388806,1.74472e-05,0.106052,0.0244905,0.000316395,7.95729e-52,4.5605700000000005e-40,6.0,31229366,C,G,0.2854,0.0117,5.38e-132
chr6_31229930_T_G_b38,ENSG00000231074.8,902780,54,55,0.0410448,6.52203e-16,0.476655,0.057376,0.000316395,7.95729e-52,4.5605700000000005e-40,6.0,31229930,T,C,0.2801,0.0124,2.16e-113
chr6_31230498_AAGG_A_b38,ENSG00000231074.8,903348,286,331,0.247015,5.6864e-07,-0.136996,0.0270941,0.000316395,7.95729e-52,4.5605700000000005e-40,6.0,31230498,A,G,0.2835,0.0117,6.79e-129
chr6_31231989_G_A_b38,ENSG00000231074.8,904839,416,521,0.388806,1.74472e-05,0.106052,0.0244905,0.000316395,7.95729e-52,4.5605700000000005e-40,6.0,31231989,A,G,0.4936,0.0101,0.0
chr6_31259269_A_C_b38,ENSG00000231074.8,932119,62,66,0.0492537,9.48139e-14,0.387152,0.0507624,0.000316395,7.95729e-52,4.5605700000000005e-40,6.0,31259269,T,C,0.2182,0.0254,9.517e-18
chr6_31260633_T_C_b38,ENSG00000231074.8,933483,375,461,0.34403,5.58812e-09,0.141661,0.0239509,0.000316395,7.95729e-52,4.5605700000000005e-40,6.0,31260633,T,C,0.2176,0.0255,1.225e-17
chr6_31272915_G_A_b38,ENSG00000231074.8,945765,447,580,0.432836,8.49123e-06,0.107584,0.0239536,0.000316395,7.95729e-52,4.5605700000000005e-40,6.0,31272915,A,C,-0.2481,0.016,1.454e-54
chr6_31283700_T_C_b38,ENSG00000231074.8,956550,414,514,0.383582,2.90687e-09,0.143791,0.0238554,0.000316395,7.95729e-52,4.5605700000000005e-40,6.0,31283700,A,G,-0.0953,0.0147,8.791e-11
chr6_31291191_G_A_b38,ENSG00000231074.8,964041,379,450,0.335821,1.86735e-05,0.110325,0.0255684,0.000316395,7.95729e-52,4.5605700000000005e-40,6.0,31291191,A,G,0.365,0.0114,3.84e-224
chr6_31298681_T_C_b38,ENSG00000231074.8,971531,381,453,0.33806,1.75513e-05,0.11171,0.025805,0.000316395,7.95729e-52,4.5605700000000005e-40,6.0,31298681,A,G,0.3697,0.0119,3.08e-212
chr6_31299150_G_C_b38,ENSG00000231074.8,972000,381,453,0.33806,1.75513e-05,0.11171,0.025805,0.000316395,7.95729e-52,4.5605700000000005e-40,6.0,31299150,T,C,-0.3726,0.0112,5.369999999999999e-241
chr6_31299739_T_C_b38,ENSG00000231074.8,972589,381,453,0.33806,1.75513e-05,0.11171,0.025805,0.000316395,7.95729e-52,4.5605700000000005e-40,6.0,31299739,A,G,0.6609,0.011,0.0
chr6_31299970_T_C_b38,ENSG00000231074.8,972820,381,453,0.33806,1.75513e-05,0.11171,0.025805,0.000316395,7.95729e-52,4.5605700000000005e-40,6.0,31299970,C,G,0.2602,0.0108,3.7899999999999997e-128
chr6_31300518_T_C_b38,ENSG00000231074.8,973368,381,453,0.33806,1.75513e-05,0.11171,0.025805,0.000316395,7.95729e-52,4.5605700000000005e-40,6.0,31300518,T,G,-0.3683,0.0148,1.7499999999999998e-136
chr6_31301336_C_G_b38,ENSG00000231074.8,974186,381,453,0.33806,1.75513e-05,0.11171,0.025805,0.000316395,7.95729e-52,4.5605700000000005e-40,6.0,31301336,A,C,0.2557,0.0107,3.41e-127
chr6_31302097_C_G_b38,ENSG00000231074.8,974947,420,519,0.387313,6.31408e-10,0.150593,0.0239612,0.000316395,7.95729e-52,4.5605700000000005e-40,6.0,31302097,C,G,-0.3749,0.0109,2.1299999999999998e-260
chr6_31303939_A_G_b38,ENSG00000231074.8,976789,372,435,0.324627,3.29331e-05,0.109899,0.0262668,0.000316395,7.95729e-52,4.5605700000000005e-40,6.0,31303939,C,G,0.3566,0.0142,2.87e-139
chr6_31306916_G_A_b38,ENSG00000231074.8,979766,467,614,0.458209,1.90299e-11,0.155021,0.0226497,0.000316395,7.95729e-52,4.5605700000000005e-40,6.0,31306916,A,G,-0.1991,0.0281,1.328e-12
chr6_31316699_A_C_b38,ENSG00000231074.8,989549,168,218,0.162687,0.000108866,0.109604,0.0281334,0.000316395,7.95729e-52,4.5605700000000005e-40,6.0,31316699,A,G,1.1641,0.0141,0.0
chr6_31319151_A_T_b38,ENSG00000231074.8,992001,168,218,0.162687,0.000108866,0.109604,0.0281334,0.000316395,7.95729e-52,4.5605700000000005e-40,6.0,31319151,A,G,0.2934,0.0104,3.87e-176
chr6_31321100_T_C_b38,ENSG00000231074.8,993950,116,126,0.0940299,0.000155243,-0.152938,0.0401751,0.000316395,7.95729e-52,4.5605700000000005e-40,6.0,31321100,T,C,-0.349,0.0586,2.518e-09
