variant_id,gene_id,tss_distance,ma_samples,ma_count,maf,pval_nominal,slope,slope_se,pval_nominal_threshold,min_pval_nominal,pval_beta,chromosome,base_pair_location,tissue,effect_allele,other_allele,beta,standard_error,p_value
chr6_30990161_C_G_b38,ENSG00000213760.10,-556687,15,15,0.0123967,8.76863e-05,0.833785,0.210946,0.0004783,4.85431e-22,5.63787e-16,6.0,30990161,Skin_Sun_Exposed_Lower_leg,A,G,-0.2191,0.0312,2.044e-12
chr6_31117015_C_T_b38,ENSG00000213760.10,-429833,427,541,0.447107,3.87428e-05,0.199092,0.0479787,0.0004783,4.85431e-22,5.63787e-16,6.0,31117015,Skin_Sun_Exposed_Lower_leg,A,G,-0.2155,0.0142,5.9559999999999996e-52
chr6_31223293_A_G_b38,ENSG00000213760.10,-323555,391,502,0.414876,6.17457e-05,0.183482,0.0454368,0.0004783,4.85431e-22,5.63787e-16,6.0,31223293,Skin_Sun_Exposed_Lower_leg,T,C,0.2845,0.0117,6.199999999999999e-131
chr6_31259269_A_C_b38,ENSG00000213760.10,-287579,55,59,0.0487603,7.9741e-06,0.464053,0.102895,0.0004783,4.85431e-22,5.63787e-16,6.0,31259269,Skin_Sun_Exposed_Lower_leg,T,C,0.2182,0.0254,9.517e-18
chr6_31260633_T_C_b38,ENSG00000213760.10,-286215,338,414,0.342149,7.85439e-05,0.189765,0.0476841,0.0004783,4.85431e-22,5.63787e-16,6.0,31260633,Skin_Sun_Exposed_Lower_leg,T,C,0.2176,0.0255,1.225e-17
chr6_31297713_T_C_b38,ENSG00000213760.10,-249135,238,268,0.221488,3.36603e-05,0.236061,0.0564373,0.0004783,4.85431e-22,5.63787e-16,6.0,31297713,Skin_Sun_Exposed_Lower_leg,A,C,-0.3708,0.0142,1.26e-149
chr6_31330345_C_A_b38,ENSG00000213760.10,-216503,64,67,0.0553719,8.95113e-05,0.398564,0.100966,0.0004783,4.85431e-22,5.63787e-16,6.0,31330345,Skin_Sun_Exposed_Lower_leg,A,T,-0.2654,0.0119,1.0100000000000001e-110
chr6_31335330_C_T_b38,ENSG00000213760.10,-211518,414,516,0.426446,0.000210956,0.182318,0.0488634,0.0004783,4.85431e-22,5.63787e-16,6.0,31335330,Skin_Sun_Exposed_Lower_leg,C,G,-0.2653,0.0109,7.19e-131
chr6_31337005_A_G_b38,ENSG00000213760.10,-209843,380,452,0.4,0.000103795,0.208397,0.0532863,0.0004783,4.85431e-22,5.63787e-16,6.0,31337005,Skin_Sun_Exposed_Lower_leg,C,G,-0.2653,0.0119,1.09e-110
chr6_31338093_A_AAT_b38,ENSG00000213760.10,-208755,419,524,0.433058,0.00010153,0.19008,0.0485348,0.0004783,4.85431e-22,5.63787e-16,6.0,31338093,Skin_Sun_Exposed_Lower_leg,A,G,0.0915,0.0101,8.687e-20
chr6_31338303_C_T_b38,ENSG00000213760.10,-208545,419,530,0.438017,9.17468e-05,0.188565,0.0478418,0.0004783,4.85431e-22,5.63787e-16,6.0,31338303,Skin_Sun_Exposed_Lower_leg,T,C,0.0919,0.01,5.548e-20
chr6_31339380_T_C_b38,ENSG00000213760.10,-207468,419,526,0.434711,0.000120744,0.186978,0.0482754,0.0004783,4.85431e-22,5.63787e-16,6.0,31339380,Skin_Sun_Exposed_Lower_leg,T,C,-0.2596,0.0118,1.7e-107
chr6_31410524_G_A_b38,ENSG00000213760.10,-136324,85,92,0.0760331,2.85196e-05,0.365938,0.0866853,0.0004783,4.85431e-22,5.63787e-16,6.0,31410524,Skin_Sun_Exposed_Lower_leg,T,C,0.4206,0.0106,0.0
chr6_31472720_G_A_b38,ENSG00000213760.10,-74128,363,448,0.370248,0.000265987,0.181614,0.0494746,0.0004783,4.85431e-22,5.63787e-16,6.0,31472720,Skin_Sun_Exposed_Lower_leg,T,G,-0.2125,0.0118,7.127e-73
chr6_31520177_G_C_b38,ENSG00000213760.10,-26671,355,416,0.343802,0.000261683,-0.188937,0.0514096,0.0004783,4.85431e-22,5.63787e-16,6.0,31520177,Skin_Sun_Exposed_Lower_leg,A,G,-0.2032,0.0273,9.454e-14
chr6_31525184_A_G_b38,ENSG00000213760.10,-21664,355,416,0.343802,0.000261683,-0.188937,0.0514096,0.0004783,4.85431e-22,5.63787e-16,6.0,31525184,Skin_Sun_Exposed_Lower_leg,T,C,-0.1515,0.0105,6.775999999999999e-47
chr6_31528690_C_A_b38,ENSG00000213760.10,-18158,105,107,0.102687,3.43348e-17,0.730145,0.0837032,0.0004783,4.85431e-22,5.63787e-16,6.0,31528690,Skin_Sun_Exposed_Lower_leg,A,G,0.3038,0.0235,2.449e-38
chr6_31869473_G_A_b38,ENSG00000213760.10,322625,412,526,0.434711,4.58319e-05,0.191985,0.046715,0.0004783,4.85431e-22,5.63787e-16,6.0,31869473,Skin_Sun_Exposed_Lower_leg,G,GC,0.3832,0.0492,7.153e-15
